[{
  "first_name": "Ion",
  "last_name": "Popescu",
  "email": "ion.popescu@gmail.com"
}, {
  "first_name": "George",
  "last_name": "Vasile",
  "email": "george.vasile@gmail.com"
}, {
  "first_name": "George",
  "last_name": "Serban",
  "email": "george.serban@gmail.com"
}, {
  "first_name": "Ion",
  "last_name": "Matei",
  "email": "ion.matei@gmail.com"
}, {
  "first_name": "Ionut",
  "last_name": "Ilie",
  "email": "ionut.ilie@gmail.com"
}, {
  "first_name": "Claudiu",
  "last_name": "Vasile",
  "email": "claudiu.vasile@gmail.com"
}, {
  "first_name": "Ioan",
  "last_name": "Pricop",
  "email": "ioan.pricop@gmail.com"
}, {
  "first_name": "Ionut",
  "last_name": "Georgescu",
  "email": "ionut.georgescu@gmail.com"
}, {
  "first_name": "Sebastian",
  "last_name": "Istrate",
  "email": "sebastian.istrate@gmail.com"
}, {
  "first_name": "Viorel",
  "last_name": "Enache",
  "email": "viore.enache@gmail.com"
}]